{
	"name": "Background",
	"plugin-id": "Sprite",
	"sid": 300711701480559,
	"isGlobal": false,
	"instanceVariables": [],
	"behaviorTypes": [],
	"effectTypes": [],
	"animations": {
		"items": [
			{
				"frames": [
					{
						"width": 1900,
						"height": 1034,
						"originX": 0.5,
						"originY": 0.5,
						"originalSource": "C:\\Users\\aeiju\\Desktop\\CS\\Parasyte - The Minim\\assets\\Sprites\\not_inf_1.png",
						"exportFormat": "png",
						"exportQuality": 0.8,
						"imageSpriteId": 8768586,
						"collisionPoly": {
							"points": [
								0,
								0,
								0.5,
								0,
								0.9994736842105263,
								0,
								0.9994736842105263,
								0.5,
								0.9994736842105263,
								0.9990328820116054,
								0.5,
								0.9990328820116054,
								0,
								0.9990328820116054,
								0,
								0.5
							]
						},
						"useCollisionPoly": true,
						"duration": 1
					},
					{
						"width": 1900,
						"height": 1034,
						"originX": 0.5,
						"originY": 0.5,
						"originalSource": "C:\\Users\\aeiju\\Desktop\\CS\\Parasyte - The Minim\\assets\\Sprites\\not_inf_2.png",
						"exportFormat": "png",
						"exportQuality": 0.8,
						"imageSpriteId": 1463912,
						"collisionPoly": {
							"points": [
								0,
								0,
								0.5,
								0,
								0.9994736842105263,
								0,
								0.9994736842105263,
								0.5,
								0.9994736842105263,
								0.9990328820116054,
								0.5,
								0.9990328820116054,
								0,
								0.9990328820116054,
								0,
								0.5
							]
						},
						"useCollisionPoly": true,
						"duration": 1
					},
					{
						"width": 1900,
						"height": 1034,
						"originX": 0.5,
						"originY": 0.5,
						"originalSource": "C:\\Users\\aeiju\\Desktop\\CS\\Parasyte - The Minim\\assets\\Sprites\\not_inf_3.png",
						"exportFormat": "png",
						"exportQuality": 0.8,
						"imageSpriteId": 2419264,
						"collisionPoly": {
							"points": [
								0,
								0,
								0.5,
								0,
								0.9994736842105263,
								0,
								0.9994736842105263,
								0.5,
								0.9994736842105263,
								0.9990328820116054,
								0.5,
								0.9990328820116054,
								0,
								0.9990328820116054,
								0,
								0.5
							]
						},
						"useCollisionPoly": true,
						"duration": 1
					},
					{
						"width": 1900,
						"height": 1034,
						"originX": 0.5,
						"originY": 0.5,
						"originalSource": "C:\\Users\\aeiju\\Desktop\\CS\\Parasyte - The Minim\\assets\\Sprites\\not_inf_4.png",
						"exportFormat": "png",
						"exportQuality": 0.8,
						"imageSpriteId": 5876976,
						"collisionPoly": {
							"points": [
								0,
								0,
								0.5,
								0,
								0.9994736842105263,
								0,
								0.9994736842105263,
								0.5,
								0.9994736842105263,
								0.9990328820116054,
								0.5,
								0.9990328820116054,
								0,
								0.9990328820116054,
								0,
								0.5
							]
						},
						"useCollisionPoly": true,
						"duration": 1
					},
					{
						"width": 1900,
						"height": 1034,
						"originX": 0.5,
						"originY": 0.5,
						"originalSource": "",
						"exportFormat": "png",
						"exportQuality": 0.8,
						"imageSpriteId": 5004804,
						"useCollisionPoly": true,
						"duration": 1
					}
				],
				"sid": 992258341158056,
				"name": "Animation 1",
				"isLooping": true,
				"isPingPong": false,
				"repeatCount": 1,
				"repeatTo": 0,
				"speed": 0.1
			},
			{
				"frames": [
					{
						"width": 1900,
						"height": 1034,
						"originX": 0.5,
						"originY": 0.5,
						"originalSource": "C:\\Users\\aeiju\\Desktop\\CS\\Parasyte - The Minim\\assets\\Sprites\\inf_1.png",
						"exportFormat": "png",
						"exportQuality": 0.8,
						"imageSpriteId": 9143880,
						"collisionPoly": {
							"points": [
								0,
								0,
								0.5,
								0,
								0.9994736842105263,
								0,
								0.9994736842105263,
								0.5,
								0.9994736842105263,
								0.9990328820116054,
								0.5,
								0.9990328820116054,
								0,
								0.9990328820116054,
								0,
								0.5
							]
						},
						"useCollisionPoly": true,
						"duration": 3
					},
					{
						"width": 1900,
						"height": 1034,
						"originX": 0.5,
						"originY": 0.5,
						"originalSource": "C:\\Users\\aeiju\\Desktop\\CS\\Parasyte - The Minim\\assets\\Sprites\\inf_2.png",
						"exportFormat": "png",
						"exportQuality": 0.8,
						"imageSpriteId": 9913961,
						"collisionPoly": {
							"points": [
								0,
								0,
								0.5,
								0,
								0.9994736842105263,
								0,
								0.9994736842105263,
								0.5,
								0.9994736842105263,
								0.9990328820116054,
								0.5,
								0.9990328820116054,
								0,
								0.9990328820116054,
								0,
								0.5
							]
						},
						"useCollisionPoly": true,
						"duration": 3
					},
					{
						"width": 1900,
						"height": 1034,
						"originX": 0.5,
						"originY": 0.5,
						"originalSource": "C:\\Users\\aeiju\\Desktop\\CS\\Parasyte - The Minim\\assets\\Sprites\\inf_3.png",
						"exportFormat": "png",
						"exportQuality": 0.8,
						"imageSpriteId": 3941429,
						"collisionPoly": {
							"points": [
								0,
								0,
								0.5,
								0,
								0.9994736842105263,
								0,
								0.9994736842105263,
								0.5,
								0.9994736842105263,
								0.9990328820116054,
								0.5,
								0.9990328820116054,
								0,
								0.9990328820116054,
								0,
								0.5
							]
						},
						"useCollisionPoly": true,
						"duration": 1
					},
					{
						"width": 1900,
						"height": 1034,
						"originX": 0.5,
						"originY": 0.5,
						"originalSource": "C:\\Users\\aeiju\\Desktop\\CS\\Parasyte - The Minim\\assets\\Sprites\\inf_4.png",
						"exportFormat": "png",
						"exportQuality": 0.8,
						"imageSpriteId": 5978962,
						"collisionPoly": {
							"points": [
								0,
								0,
								0.5,
								0,
								0.9994736842105263,
								0,
								0.9994736842105263,
								0.5,
								0.9994736842105263,
								0.9990328820116054,
								0.5,
								0.9990328820116054,
								0,
								0.9990328820116054,
								0,
								0.5
							]
						},
						"useCollisionPoly": true,
						"duration": 1
					},
					{
						"width": 1900,
						"height": 1034,
						"originX": 0.5,
						"originY": 0.5,
						"originalSource": "C:\\Users\\aeiju\\Desktop\\CS\\Parasyte - The Minim\\assets\\Sprites\\inf_5.png",
						"exportFormat": "png",
						"exportQuality": 0.8,
						"imageSpriteId": 5521945,
						"collisionPoly": {
							"points": [
								0,
								0,
								0.5,
								0,
								0.9994736842105263,
								0,
								0.9994736842105263,
								0.5,
								0.9994736842105263,
								0.9990328820116054,
								0.5,
								0.9990328820116054,
								0,
								0.9990328820116054,
								0,
								0.5
							]
						},
						"useCollisionPoly": true,
						"duration": 1
					}
				],
				"sid": 472581619997269,
				"name": "Animation 2",
				"isLooping": true,
				"isPingPong": false,
				"repeatCount": 1,
				"repeatTo": 0,
				"speed": 1
			}
		],
		"subfolders": []
	}
}