{
	"name": "Bird1_Bar_Counter",
	"plugin-id": "Sprite",
	"sid": 223294745797107,
	"isGlobal": false,
	"instanceVariables": [],
	"behaviorTypes": [],
	"effectTypes": [],
	"animations": {
		"items": [
			{
				"frames": [
					{
						"width": 441,
						"height": 462,
						"originX": 0.5,
						"originY": 0.5,
						"originalSource": "C:\\Users\\hewdr\\Downloads\\UNC2022\\assets\\Art\\Stage3\\bird_walk_1.png",
						"exportFormat": "png",
						"exportQuality": 0.8,
						"imageSpriteId": 7993481,
						"collisionPoly": {
							"points": [
								0.3424036281179138,
								0.3268398268398268,
								0.5,
								0.41125541125541126,
								0.6938775510204082,
								0.29004329004329005,
								0.5873015873015873,
								0.5,
								0.7664399092970522,
								0.7770562770562771,
								0.5,
								0.803030303030303,
								0.30612244897959184,
								0.7056277056277056,
								0.2290249433106576,
								0.5
							]
						},
						"useCollisionPoly": true,
						"duration": 0.25
					},
					{
						"width": 441,
						"height": 462,
						"originX": 0.5,
						"originY": 0.5,
						"originalSource": "C:\\Users\\hewdr\\Downloads\\UNC2022\\assets\\Art\\Stage3\\bird_walk_2.png",
						"exportFormat": "png",
						"exportQuality": 0.8,
						"imageSpriteId": 341688,
						"collisionPoly": {
							"points": [
								0.26303854875283444,
								0.2510822510822511,
								0.5,
								0.44155844155844154,
								0.691609977324263,
								0.2922077922077922,
								0.6780045351473923,
								0.5,
								0.6122448979591837,
								0.6298701298701299,
								0.5,
								0.9264069264069265,
								0.15192743764172337,
								0.8528138528138528,
								0.32653061224489793,
								0.5
							]
						},
						"useCollisionPoly": true,
						"duration": 0.25
					}
				],
				"sid": 265650366501685,
				"name": "Animation 1",
				"isLooping": false,
				"isPingPong": false,
				"repeatCount": 1,
				"repeatTo": 1,
				"speed": 0
			}
		],
		"subfolders": []
	}
}