{
	"name": "Player",
	"plugin-id": "Sprite",
	"sid": 368650487020884,
	"isGlobal": false,
	"instanceVariables": [
		{
			"name": "XForce",
			"type": "number",
			"desc": "",
			"sid": 193412203165546
		},
		{
			"name": "YForce",
			"type": "number",
			"desc": "",
			"sid": 494681884074689
		},
		{
			"name": "WalkAlt",
			"type": "boolean",
			"desc": "",
			"sid": 658542249773876
		},
		{
			"name": "MovementSpeed",
			"type": "number",
			"desc": "",
			"sid": 229762588613735
		},
		{
			"name": "HasJumped",
			"type": "boolean",
			"desc": "",
			"sid": 190772817117187
		},
		{
			"name": "isFalling",
			"type": "boolean",
			"desc": "",
			"sid": 899969091985596
		},
		{
			"name": "jumpHeight",
			"type": "number",
			"desc": "",
			"sid": 315802928963671
		},
		{
			"name": "jumpStart",
			"type": "number",
			"desc": "",
			"sid": 282972206843906
		}
	],
	"behaviorTypes": [],
	"effectTypes": [],
	"animations": {
		"items": [
			{
				"frames": [
					{
						"width": 250,
						"height": 250,
						"originX": 0.5,
						"originY": 0.5,
						"originalSource": "",
						"exportFormat": "png",
						"exportQuality": 0.8,
						"imageSpriteId": 3614019,
						"useCollisionPoly": true,
						"duration": 1
					},
					{
						"width": 441,
						"height": 462,
						"originX": 0.5,
						"originY": 0.5,
						"originalSource": "C:\\Users\\hewdr\\Downloads\\bird_Idle.png",
						"exportFormat": "png",
						"exportQuality": 0.8,
						"imageSpriteId": 5692383,
						"collisionPoly": {
							"points": [
								0.41723356009070295,
								0.39826839826839827,
								0.5,
								0.22077922077922077,
								0.5215419501133787,
								0.45454545454545453,
								0.8934240362811792,
								0.5,
								0.6575963718820862,
								0.6731601731601732,
								0.5,
								0.9393939393939394,
								0.30612244897959184,
								0.7056277056277056,
								0.1111111111111111,
								0.5
							]
						},
						"useCollisionPoly": true,
						"duration": 1
					},
					{
						"width": 441,
						"height": 462,
						"originX": 0.5,
						"originY": 0.5,
						"originalSource": "C:\\Users\\hewdr\\Downloads\\bird_walk_1.png",
						"exportFormat": "png",
						"exportQuality": 0.8,
						"imageSpriteId": 1968351,
						"collisionPoly": {
							"points": [
								0.3424036281179138,
								0.3268398268398268,
								0.5,
								0.41125541125541126,
								0.6938775510204082,
								0.29004329004329005,
								0.5873015873015873,
								0.5,
								0.7664399092970522,
								0.7770562770562771,
								0.5,
								0.803030303030303,
								0.30612244897959184,
								0.7056277056277056,
								0.2290249433106576,
								0.5
							]
						},
						"useCollisionPoly": true,
						"duration": 1
					},
					{
						"width": 441,
						"height": 462,
						"originX": 0.5,
						"originY": 0.5,
						"originalSource": "C:\\Users\\hewdr\\Downloads\\bird_walk_2.png",
						"exportFormat": "png",
						"exportQuality": 0.8,
						"imageSpriteId": 8681147,
						"collisionPoly": {
							"points": [
								0.26303854875283444,
								0.2510822510822511,
								0.5,
								0.44155844155844154,
								0.691609977324263,
								0.2922077922077922,
								0.6780045351473923,
								0.5,
								0.6122448979591837,
								0.6298701298701299,
								0.5,
								0.9264069264069265,
								0.15192743764172337,
								0.8528138528138528,
								0.32653061224489793,
								0.5
							]
						},
						"useCollisionPoly": true,
						"duration": 1
					},
					{
						"width": 441,
						"height": 462,
						"originX": 0.5,
						"originY": 0.5,
						"originalSource": "C:\\Users\\hewdr\\Downloads\\bird_jump.png",
						"exportFormat": "png",
						"exportQuality": 0.8,
						"imageSpriteId": 7790449,
						"collisionPoly": {
							"points": [
								0.41496598639455784,
								0.3961038961038961,
								0.5,
								0.21212121212121213,
								0.5192743764172335,
								0.45670995670995673,
								0.8888888888888888,
								0.5,
								0.6507936507936508,
								0.6666666666666666,
								0.5,
								0.8116883116883117,
								0.30839002267573695,
								0.7034632034632035,
								0.11337868480725624,
								0.5
							]
						},
						"useCollisionPoly": true,
						"duration": 1
					}
				],
				"sid": 666799431230970,
				"name": "Animation 1",
				"isLooping": false,
				"isPingPong": false,
				"repeatCount": 1,
				"repeatTo": 0,
				"speed": 0
			}
		],
		"subfolders": []
	}
}