{
	"name": "Snail1_Snail",
	"plugin-id": "Sprite",
	"sid": 910182470746497,
	"isGlobal": false,
	"instanceVariables": [],
	"behaviorTypes": [],
	"effectTypes": [],
	"animations": {
		"items": [
			{
				"frames": [
					{
						"width": 1900,
						"height": 1034,
						"originX": 0.5,
						"originY": 0.5,
						"originalSource": "C:\\Users\\Leo\\Desktop\\Real_Art\\snail_5.png",
						"exportFormat": "png",
						"exportQuality": 0.8,
						"imageSpriteId": 210152,
						"collisionPoly": {
							"points": [
								0.3131578947368421,
								0.5754352030947776,
								0.5,
								0.07156673114119923,
								0.7605263157894737,
								0.43907156673114117,
								0.79,
								0.5,
								0.79,
								0.6141199226305609,
								0.5,
								0.9593810444874274,
								0.2768421052631579,
								0.49032882011605416,
								0.2810526315789474,
								0.5
							]
						},
						"useCollisionPoly": true,
						"duration": 0
					},
					{
						"width": 1900,
						"height": 1034,
						"originX": 0.5,
						"originY": 0.5,
						"originalSource": "C:\\Users\\Leo\\Desktop\\Real_Art\\snail_1.png",
						"exportFormat": "png",
						"exportQuality": 0.8,
						"imageSpriteId": 4784818,
						"collisionPoly": {
							"points": [
								0.30526315789473685,
								0.5609284332688588,
								0.5,
								0.25822050290135395,
								0.7789473684210526,
								0.40522243713733075,
								0.8347368421052631,
								0.5,
								0.8210526315789474,
								0.6711798839458414,
								0.5,
								0.9342359767891683,
								0.29789473684210527,
								0.45164410058027077,
								0.3157894736842105,
								0.5
							]
						},
						"useCollisionPoly": true,
						"duration": 1
					},
					{
						"width": 1900,
						"height": 1034,
						"originX": 0.5,
						"originY": 0.5,
						"originalSource": "C:\\Users\\Leo\\Desktop\\Real_Art\\snail_2.png",
						"exportFormat": "png",
						"exportQuality": 0.8,
						"imageSpriteId": 8199849,
						"collisionPoly": {
							"points": [
								0.3721052631578947,
								0.683752417794971,
								0.5,
								0.33268858800773693,
								0.7878947368421053,
								0.38878143133462284,
								0.8368421052631579,
								0.5,
								0.8257894736842105,
								0.6798839458413927,
								0.5,
								0.9564796905222437,
								0.34578947368421054,
								0.36363636363636365,
								0.39789473684210525,
								0.5
							]
						},
						"useCollisionPoly": true,
						"duration": 1
					},
					{
						"width": 1900,
						"height": 1034,
						"originX": 0.5,
						"originY": 0.5,
						"originalSource": "C:\\Users\\Leo\\Desktop\\Real_Art\\snail_3.png",
						"exportFormat": "png",
						"exportQuality": 0.8,
						"imageSpriteId": 585070,
						"collisionPoly": {
							"points": [
								0.3778947368421053,
								0.6943907156673114,
								0.5,
								0.14410058027079303,
								0.7826315789473685,
								0.3984526112185687,
								0.8326315789473684,
								0.5,
								0.8231578947368421,
								0.6750483558994197,
								0.5,
								0.9632495164410058,
								0.3489473684210526,
								0.3578336557059961,
								0.32526315789473687,
								0.5
							]
						},
						"useCollisionPoly": true,
						"duration": 1
					},
					{
						"width": 1900,
						"height": 1034,
						"originX": 0.5,
						"originY": 0.5,
						"originalSource": "C:\\Users\\Leo\\Desktop\\Real_Art\\snail_4.png",
						"exportFormat": "png",
						"exportQuality": 0.8,
						"imageSpriteId": 2758770,
						"collisionPoly": {
							"points": [
								0.25473684210526315,
								0.46808510638297873,
								0.5,
								0.6141199226305609,
								0.7857894736842105,
								0.39264990328820115,
								0.8305263157894737,
								0.5,
								0.8247368421052632,
								0.6779497098646035,
								0.5,
								0.9197292069632496,
								0.24473684210526317,
								0.5493230174081238,
								0.23789473684210527,
								0.5
							]
						},
						"useCollisionPoly": true,
						"duration": 1
					}
				],
				"sid": 213637799413389,
				"name": "Animation 1",
				"isLooping": true,
				"isPingPong": false,
				"repeatCount": 1,
				"repeatTo": 0,
				"speed": 0
			}
		],
		"subfolders": []
	}
}