{
	"name": "Snail1_ButtonPink",
	"plugin-id": "Sprite",
	"sid": 119952615571947,
	"isGlobal": false,
	"instanceVariables": [],
	"behaviorTypes": [
		{
			"behaviorId": "Pathfinding",
			"name": "Pathfinding",
			"sid": 612479936003721
		}
	],
	"effectTypes": [],
	"animations": {
		"items": [
			{
				"frames": [
					{
						"width": 250,
						"height": 250,
						"originX": 0.5,
						"originY": 0.5,
						"originalSource": "",
						"exportFormat": "png",
						"exportQuality": 0.8,
						"imageSpriteId": 1135288,
						"useCollisionPoly": true,
						"duration": 1
					},
					{
						"width": 252,
						"height": 252,
						"originX": 0.5,
						"originY": 0.5,
						"originalSource": "",
						"exportFormat": "png",
						"exportQuality": 0.8,
						"imageSpriteId": 6586970,
						"collisionPoly": {
							"points": [
								0.003968253968253968,
								0.003968253968253968,
								0.996031746031746,
								0.003968253968253968,
								0.996031746031746,
								0.996031746031746,
								0.003968253968253968,
								0.996031746031746
							]
						},
						"useCollisionPoly": true,
						"duration": 1
					},
					{
						"width": 250,
						"height": 250,
						"originX": 0.5,
						"originY": 0.5,
						"originalSource": "",
						"exportFormat": "png",
						"exportQuality": 0.8,
						"imageSpriteId": 6818148,
						"useCollisionPoly": true,
						"duration": 1
					}
				],
				"sid": 861668183321473,
				"name": "Animation 1",
				"isLooping": false,
				"isPingPong": false,
				"repeatCount": 1,
				"repeatTo": 0,
				"speed": 0
			}
		],
		"subfolders": []
	}
}