{"propertiesBar":{"properties":[{"name":"About","expanded":true,"children":[]},{"name":"Colors","expanded":true,"children":[]},{"name":"Startup","expanded":true,"children":[]},{"name":"Display","expanded":true,"children":[{"name":"Viewport size","expanded":false,"children":[]}]},{"name":"Advanced","expanded":false,"children":[]},{"name":"Editor","expanded":true,"children":[]}],"scrollPosition":0},"openTabs":{"active":{"name":"1Parasite_eventsheet","type":"eventSheet"},"open":[{"name":"menu_Main","type":"layout"},{"name":"menu_main_eventsheet","type":"eventSheet"},{"name":"1parasite_Layout","type":"layout"},{"name":"2snail_part2","type":"layout"},{"name":"1Parasite_eventsheet","type":"eventSheet"}]},"previewEffects":true,"previewBrowser":"default","pauseOnUnfocus":false,"projectBar":{"name":"<root>","children":[{"name":"Chicken Stage","expanded":true,"children":[{"name":"Layouts","expanded":true,"children":[{"name":"menu_Main","expanded":true,"children":[]},{"name":"2snail_part1","expanded":true,"children":[]},{"name":"2snail_part2","expanded":true,"children":[]},{"name":"3bird_part1","expanded":true,"children":[]},{"name":"1parasite_Layout","expanded":true,"children":[]}]},{"name":"Event sheets","expanded":true,"children":[{"name":"1Parasite_eventsheet","expanded":true,"children":[]},{"name":"2Snail1_EventSheet","expanded":true,"children":[]},{"name":"2snail2_eventSheet","expanded":true,"children":[]},{"name":"3Bird_eventsheet","expanded":true,"children":[]},{"name":"menu_main_eventsheet","expanded":true,"children":[]}]},{"name":"Scripts","expanded":true,"children":[]},{"name":"Object types","expanded":true,"children":[{"name":"Array","expanded":true,"children":[]},{"name":"ArrowIndicator","expanded":true,"children":[]},{"name":"Background","expanded":true,"children":[]},{"name":"Bird1_Back","expanded":true,"children":[]},{"name":"Bird1_Back_Ground","expanded":true,"children":[]},{"name":"Bird1_Back_Hills","expanded":true,"children":[]},{"name":"Bird1_Back_Sky","expanded":true,"children":[]},{"name":"Bird1_Back_Start","expanded":true,"children":[]},{"name":"Bird1_Bar_Back","expanded":true,"children":[]},{"name":"Bird1_Bar_Counter","expanded":true,"children":[]},{"name":"Bird1_Bar_End","expanded":true,"children":[]},{"name":"Bird1_SnailSnail","expanded":true,"children":[]},{"name":"Boundary","expanded":true,"children":[]},{"name":"Enemy","expanded":true,"children":[]},{"name":"Keyboard","expanded":true,"children":[]},{"name":"Main_Forest","expanded":true,"children":[]},{"name":"Main_Ground","expanded":true,"children":[]},{"name":"Main_Sky","expanded":true,"children":[]},{"name":"Parasite","expanded":true,"children":[]},{"name":"Parasite_HostHub","expanded":true,"children":[]},{"name":"Parasite_Particles","expanded":true,"children":[]},{"name":"Player","expanded":true,"children":[]},{"name":"Snail1_Bird","expanded":true,"children":[]},{"name":"Snail1_Blackscreen","expanded":true,"children":[]},{"name":"Snail1_ButtomYellow","expanded":true,"children":[]},{"name":"Snail1_ButtonBlue","expanded":true,"children":[]},{"name":"Snail1_ButtonGreen","expanded":true,"children":[]},{"name":"Snail1_ButtonPink","expanded":true,"children":[]},{"name":"Snail1_Grass","expanded":true,"children":[]},{"name":"Snail1_Snail","expanded":true,"children":[]},{"name":"Snail2_Bird","expanded":true,"children":[]},{"name":"Snail2_Sky","expanded":true,"children":[]},{"name":"Sprite6","expanded":true,"children":[]},{"name":"Text","expanded":true,"children":[]}]},{"name":"Families","expanded":true,"children":[]},{"name":"Timelines","expanded":false,"children":[{"name":"Eases","expanded":false,"children":[]},{"name":"Timeline 1","expanded":true,"children":[]}]},{"name":"Sounds","expanded":true,"children":[]},{"name":"Music","expanded":true,"children":[]},{"name":"Videos","expanded":true,"children":[]},{"name":"Fonts","expanded":true,"children":[]},{"name":"Icons","expanded":false,"children":[{"name":"icon-128.png","expanded":true,"children":[]},{"name":"icon-16.png","expanded":true,"children":[]},{"name":"icon-256.png","expanded":true,"children":[]},{"name":"icon-32.png","expanded":true,"children":[]},{"name":"icon-512.png","expanded":true,"children":[]},{"name":"icon-64.png","expanded":true,"children":[]},{"name":"loading-logo.png","expanded":true,"children":[]}]},{"name":"Files","expanded":true,"children":[]}]}]},"propertiesBarActiveObject":{}}