{"propertiesBar":{"properties":[{"name":"Layout","expanded":true,"children":[{"name":"Size","expanded":false,"children":[]},{"name":"Vanishing point","expanded":false,"children":[]}]},{"name":"Effects","expanded":true,"children":[]},{"name":"Editor","expanded":true,"children":[{"name":"Margins","expanded":false,"children":[]},{"name":"Grid size","expanded":false,"children":[]},{"name":"Grid offset","expanded":false,"children":[]}]}],"scrollPosition":0},"grid":{"show":false,"snap":false,"width":32,"height":32,"offsetX":0,"offsetY":0},"marginWidth":1000,"marginHeight":1000,"showCollisionPolygons":false,"showMeshes":false,"showTranslucentInactiveLayers":false,"showSceneGraphConnections":true,"tabColor":[0.8000000000000002,0.9999999999999999,0.8500000000000001,1],"tabTextColor":null,"layers":[{"name":"Layer 0","propertiesBar":{"properties":[{"name":"Layer properties","expanded":true,"children":[]},{"name":"Scroll & zoom","expanded":true,"children":[{"name":"Parallax","expanded":false,"children":[]}]},{"name":"Appearance","expanded":true,"children":[]},{"name":"Effects","expanded":true,"children":[]},{"name":"Editor","expanded":true,"children":[]}],"scrollPosition":0},"visibleInEditor":true,"locked":false,"parallaxInEditor":false,"opacity":1,"translucent":false}],"view":{"x":333,"y":264.5,"z":100,"activeLayer":"Layer 0"},"selectedInstances":[],"lockedInstances":[],"instanceCollections":[{"uids":[38],"properties":{"properties":[{"name":"Object type properties","expanded":true,"children":[]},{"name":"Common","expanded":true,"children":[{"name":"Position","expanded":false,"children":[]},{"name":"Size","expanded":false,"children":[]}]},{"name":"Instance variables","expanded":true,"children":[]},{"name":"Behaviors","expanded":true,"children":[{"name":"Bullet","expanded":true,"children":[]}]},{"name":"Effects","expanded":true,"children":[]},{"name":"Container","expanded":true,"children":[]},{"name":"Properties","expanded":true,"children":[]}],"scrollPosition":0}}]}