{
	"name": "2snail_part1",
	"layers": [
		{
			"name": "Layer 0",
			"overriden": 0,
			"subLayers": [],
			"instances": [
				{
					"type": "Snail1_Grass",
					"properties": {
						"initially-visible": true,
						"initial-animation": "Animation 1",
						"initial-frame": 0,
						"enable-collisions": true,
						"live-preview": false
					},
					"uid": 25,
					"instanceVariables": {},
					"behaviors": {},
					"world": {
						"x": 961,
						"y": 537.5,
						"width": 1936,
						"height": 1079,
						"originX": 0.5,
						"originY": 0.5,
						"color": [
							1,
							1,
							1,
							1
						],
						"angle": 0,
						"zElevation": 0
					}
				},
				{
					"type": "Text",
					"properties": {
						"text": "f",
						"enable-bbcode": true,
						"font": "Consolas",
						"size": 100,
						"line-height": 0,
						"bold": false,
						"italic": false,
						"color": [
							0.4117647058823529,
							0.5411764705882353,
							0.9058823529411765,
							1
						],
						"horizontal-alignment": "center",
						"vertical-alignment": "top",
						"wrapping": "word",
						"initially-visible": true,
						"origin": "center"
					},
					"uid": 26,
					"instanceVariables": {},
					"behaviors": {},
					"world": {
						"x": 1600,
						"y": 900,
						"width": 170,
						"height": 138,
						"originX": 0.5,
						"originY": 0.5,
						"color": [
							1,
							1,
							1,
							1
						],
						"angle": 0,
						"zElevation": 0
					}
				},
				{
					"type": "Text",
					"properties": {
						"text": "D",
						"enable-bbcode": true,
						"font": "Consolas",
						"size": 100,
						"line-height": 0,
						"bold": false,
						"italic": false,
						"color": [
							0.5215686274509804,
							0.8980392156862745,
							0.4235294117647059,
							1
						],
						"horizontal-alignment": "center",
						"vertical-alignment": "top",
						"wrapping": "word",
						"initially-visible": true,
						"origin": "center"
					},
					"uid": 27,
					"instanceVariables": {},
					"behaviors": {},
					"world": {
						"x": 1200,
						"y": 900,
						"width": 170,
						"height": 138,
						"originX": 0.5,
						"originY": 0.5,
						"color": [
							1,
							1,
							1,
							1
						],
						"angle": 0,
						"zElevation": 0
					}
				},
				{
					"type": "Text",
					"properties": {
						"text": "S",
						"enable-bbcode": true,
						"font": "Consolas",
						"size": 100,
						"line-height": 0,
						"bold": false,
						"italic": false,
						"color": [
							0.7568627450980392,
							0.6078431372549019,
							0.28627450980392155,
							1
						],
						"horizontal-alignment": "center",
						"vertical-alignment": "top",
						"wrapping": "word",
						"initially-visible": true,
						"origin": "center"
					},
					"uid": 28,
					"instanceVariables": {},
					"behaviors": {},
					"world": {
						"x": 800,
						"y": 900,
						"width": 170,
						"height": 138,
						"originX": 0.5,
						"originY": 0.5,
						"color": [
							1,
							1,
							1,
							1
						],
						"angle": 0,
						"zElevation": 0
					}
				},
				{
					"type": "Text",
					"properties": {
						"text": "A",
						"enable-bbcode": true,
						"font": "Consolas",
						"size": 100,
						"line-height": 0,
						"bold": false,
						"italic": false,
						"color": [
							0.8862745098039215,
							0.45098039215686275,
							0.6039215686274509,
							1
						],
						"horizontal-alignment": "center",
						"vertical-alignment": "top",
						"wrapping": "word",
						"initially-visible": true,
						"origin": "center"
					},
					"uid": 29,
					"instanceVariables": {},
					"behaviors": {},
					"world": {
						"x": 400,
						"y": 900,
						"width": 170,
						"height": 138,
						"originX": 0.5,
						"originY": 0.5,
						"color": [
							1,
							1,
							1,
							1
						],
						"angle": 0,
						"zElevation": 0
					}
				},
				{
					"type": "Snail1_ButtonPink",
					"properties": {
						"initially-visible": false,
						"initial-animation": "Animation 1",
						"initial-frame": 0,
						"enable-collisions": true,
						"live-preview": false
					},
					"uid": 30,
					"instanceVariables": {},
					"behaviors": {
						"Pathfinding": {
							"properties": {
								"cell-size": 30,
								"cell-border": 0,
								"obstacles": "solids",
								"max-speed": 200,
								"acceleration": 1000,
								"deceleration": 2000,
								"rotate-speed": 135,
								"rotate-object": false,
								"diagonals": false,
								"enabled": true
							}
						}
					},
					"world": {
						"x": 400,
						"y": 900,
						"width": 250,
						"height": 250,
						"originX": 0.5,
						"originY": 0.5,
						"color": [
							1,
							1,
							1,
							1
						],
						"angle": 0,
						"zElevation": 0
					}
				},
				{
					"type": "Snail1_ButtonBlue",
					"properties": {
						"initially-visible": false,
						"initial-animation": "Animation 1",
						"initial-frame": 0,
						"enable-collisions": true,
						"live-preview": false
					},
					"uid": 31,
					"instanceVariables": {},
					"behaviors": {},
					"world": {
						"x": 1600,
						"y": 900,
						"width": 250,
						"height": 250,
						"originX": 0.5,
						"originY": 0.5,
						"color": [
							1,
							1,
							1,
							1
						],
						"angle": 0,
						"zElevation": 0
					}
				},
				{
					"type": "Snail1_ButtonGreen",
					"properties": {
						"initially-visible": false,
						"initial-animation": "Animation 1",
						"initial-frame": 0,
						"enable-collisions": true,
						"live-preview": false
					},
					"uid": 32,
					"instanceVariables": {},
					"behaviors": {},
					"world": {
						"x": 1200,
						"y": 900,
						"width": 250,
						"height": 250,
						"originX": 0.5,
						"originY": 0.5,
						"color": [
							1,
							1,
							1,
							1
						],
						"angle": 0,
						"zElevation": 0
					}
				},
				{
					"type": "Snail1_ButtomYellow",
					"properties": {
						"initially-visible": false,
						"initial-animation": "Animation 1",
						"initial-frame": 0,
						"enable-collisions": true,
						"live-preview": false
					},
					"uid": 33,
					"instanceVariables": {},
					"behaviors": {},
					"world": {
						"x": 800,
						"y": 900,
						"width": 250,
						"height": 250,
						"originX": 0.5,
						"originY": 0.5,
						"color": [
							1,
							1,
							1,
							1
						],
						"angle": 0,
						"zElevation": 0
					}
				},
				{
					"type": "Snail1_Snail",
					"properties": {
						"initially-visible": true,
						"initial-animation": "Animation 1",
						"initial-frame": 0,
						"enable-collisions": true,
						"live-preview": false
					},
					"uid": 34,
					"instanceVariables": {},
					"behaviors": {},
					"world": {
						"x": 925,
						"y": 437,
						"width": 773,
						"height": 359,
						"originX": 0.5,
						"originY": 0.5,
						"color": [
							1,
							1,
							1,
							1
						],
						"angle": 0,
						"zElevation": 0
					}
				}
			],
			"sid": 740337330547715,
			"effectTypes": [],
			"isInitiallyVisible": true,
			"isInitiallyInteractive": true,
			"color": [
				1,
				1,
				1,
				1
			],
			"backgroundColor": [
				0.3686274509803922,
				0.3686274509803922,
				0.3686274509803922,
				1
			],
			"isTransparent": false,
			"parallaxX": 1,
			"parallaxY": 1,
			"scaleRate": 1,
			"forceOwnTexture": false,
			"renderingMode": "3d",
			"drawOrder": "z-order",
			"useRenderCells": false,
			"blendMode": "normal",
			"zElevation": 0,
			"global": false
		},
		{
			"name": "Layer 1",
			"overriden": 0,
			"subLayers": [],
			"instances": [
				{
					"type": "Snail1_Bird",
					"properties": {
						"initially-visible": false,
						"initial-animation": "Animation 1",
						"initial-frame": 0,
						"enable-collisions": true,
						"live-preview": false
					},
					"uid": 35,
					"instanceVariables": {},
					"behaviors": {},
					"world": {
						"x": 1127,
						"y": 516,
						"width": 2056,
						"height": 1034,
						"originX": 0.5,
						"originY": 0.5,
						"color": [
							1,
							1,
							1,
							1
						],
						"angle": 0,
						"zElevation": 0
					}
				}
			],
			"sid": 371427236541672,
			"effectTypes": [],
			"isInitiallyVisible": true,
			"isInitiallyInteractive": true,
			"color": [
				1,
				1,
				1,
				1
			],
			"backgroundColor": [
				0.3686274509803922,
				0.3686274509803922,
				0.3686274509803922,
				1
			],
			"isTransparent": true,
			"parallaxX": 1,
			"parallaxY": 1,
			"scaleRate": 1,
			"forceOwnTexture": false,
			"renderingMode": "3d",
			"drawOrder": "z-order",
			"useRenderCells": false,
			"blendMode": "normal",
			"zElevation": 0,
			"global": false
		}
	],
	"sid": 886507334934089,
	"nonworld-instances": [],
	"effectTypes": [],
	"width": 3840,
	"height": 2160,
	"unboundedScrolling": false,
	"vpX": 0.5,
	"vpY": 0.5,
	"projection": "perspective",
	"eventSheet": "2Snail1_EventSheet"
}