{
	"name": "3bird_part1",
	"layers": [
		{
			"name": "Layer 0",
			"overriden": 0,
			"subLayers": [],
			"instances": [
				{
					"type": "Bird1_Back",
					"properties": {
						"initially-visible": true,
						"initial-animation": "Animation 1",
						"initial-frame": 0,
						"enable-collisions": true,
						"live-preview": false
					},
					"uid": 2,
					"instanceVariables": {},
					"behaviors": {
						"Camera": {
							"properties": {
								"enabled": true
							}
						}
					},
					"world": {
						"x": 420,
						"y": 240,
						"width": 427,
						"height": 240,
						"originX": 0.5,
						"originY": 0.5,
						"color": [
							1,
							1,
							1,
							1
						],
						"angle": 0,
						"zElevation": 0
					}
				},
				{
					"type": "Bird1_Back_Sky",
					"properties": {
						"initially-visible": true,
						"initial-animation": "Animation 1",
						"initial-frame": 0,
						"enable-collisions": true,
						"live-preview": false
					},
					"uid": 4,
					"instanceVariables": {},
					"behaviors": {},
					"world": {
						"x": 163.64544150610675,
						"y": 218,
						"width": 353.2908830122135,
						"height": 436,
						"originX": 0.5,
						"originY": 0.5,
						"color": [
							1,
							1,
							1,
							1
						],
						"angle": 0,
						"zElevation": 1
					}
				},
				{
					"type": "Bird1_Back_Sky",
					"properties": {
						"initially-visible": true,
						"initial-animation": "Animation 1",
						"initial-frame": 0,
						"enable-collisions": true,
						"live-preview": false
					},
					"uid": 11,
					"instanceVariables": {},
					"behaviors": {},
					"world": {
						"x": 860,
						"y": 218,
						"width": 353.2908830122135,
						"height": 436,
						"originX": 0.5,
						"originY": 0.5,
						"color": [
							1,
							1,
							1,
							1
						],
						"angle": 0,
						"zElevation": 1
					}
				},
				{
					"type": "Bird1_Back_Sky",
					"properties": {
						"initially-visible": true,
						"initial-animation": "Animation 1",
						"initial-frame": 0,
						"enable-collisions": true,
						"live-preview": false
					},
					"uid": 15,
					"instanceVariables": {},
					"behaviors": {},
					"world": {
						"x": 512,
						"y": 218,
						"width": 353.2908830122135,
						"height": 436,
						"originX": 0.5,
						"originY": 0.5,
						"color": [
							1,
							1,
							1,
							1
						],
						"angle": 0,
						"zElevation": 1
					}
				},
				{
					"type": "Bird1_Back_Sky",
					"properties": {
						"initially-visible": true,
						"initial-animation": "Animation 1",
						"initial-frame": 0,
						"enable-collisions": true,
						"live-preview": false
					},
					"uid": 16,
					"instanceVariables": {},
					"behaviors": {},
					"world": {
						"x": 1210,
						"y": 218,
						"width": 353.2908830122135,
						"height": 436,
						"originX": 0.5,
						"originY": 0.5,
						"color": [
							1,
							1,
							1,
							1
						],
						"angle": 0,
						"zElevation": 1
					}
				},
				{
					"type": "Bird1_Back_Hills",
					"properties": {
						"initially-visible": true,
						"initial-animation": "Animation 1",
						"initial-frame": 0,
						"enable-collisions": true,
						"live-preview": false
					},
					"uid": 5,
					"instanceVariables": {},
					"behaviors": {},
					"world": {
						"x": 114,
						"y": 311,
						"width": 253.15752943308178,
						"height": 241,
						"originX": 0.5,
						"originY": 0.5,
						"color": [
							1,
							1,
							1,
							1
						],
						"angle": 0,
						"zElevation": 2
					}
				},
				{
					"type": "Bird1_Back_Hills",
					"properties": {
						"initially-visible": true,
						"initial-animation": "Animation 1",
						"initial-frame": 0,
						"enable-collisions": true,
						"live-preview": false
					},
					"uid": 10,
					"instanceVariables": {},
					"behaviors": {},
					"world": {
						"x": 1117,
						"y": 311,
						"width": 253.15752943308178,
						"height": 241,
						"originX": 0.5,
						"originY": 0.5,
						"color": [
							1,
							1,
							1,
							1
						],
						"angle": 0,
						"zElevation": 2
					}
				},
				{
					"type": "Bird1_Back_Hills",
					"properties": {
						"initially-visible": true,
						"initial-animation": "Animation 1",
						"initial-frame": 0,
						"enable-collisions": true,
						"live-preview": false
					},
					"uid": 12,
					"instanceVariables": {},
					"behaviors": {},
					"world": {
						"x": 867,
						"y": 311,
						"width": 253.15752943308178,
						"height": 241,
						"originX": 0.5,
						"originY": 0.5,
						"color": [
							1,
							1,
							1,
							1
						],
						"angle": 0,
						"zElevation": 2
					}
				},
				{
					"type": "Bird1_Back_Hills",
					"properties": {
						"initially-visible": true,
						"initial-animation": "Animation 1",
						"initial-frame": 0,
						"enable-collisions": true,
						"live-preview": false
					},
					"uid": 13,
					"instanceVariables": {},
					"behaviors": {},
					"world": {
						"x": 616,
						"y": 311,
						"width": 253.15752943308178,
						"height": 241,
						"originX": 0.5,
						"originY": 0.5,
						"color": [
							1,
							1,
							1,
							1
						],
						"angle": 0,
						"zElevation": 2
					}
				},
				{
					"type": "Bird1_Back_Hills",
					"properties": {
						"initially-visible": true,
						"initial-animation": "Animation 1",
						"initial-frame": 0,
						"enable-collisions": true,
						"live-preview": false
					},
					"uid": 14,
					"instanceVariables": {},
					"behaviors": {},
					"world": {
						"x": 366,
						"y": 311,
						"width": 253.15752943308178,
						"height": 241,
						"originX": 0.5,
						"originY": 0.5,
						"color": [
							1,
							1,
							1,
							1
						],
						"angle": 0,
						"zElevation": 2
					}
				},
				{
					"type": "Bird1_Back_Ground",
					"properties": {
						"initially-visible": true,
						"initial-animation": "Animation 1",
						"initial-frame": 0,
						"enable-collisions": true,
						"live-preview": false
					},
					"uid": 9,
					"instanceVariables": {},
					"behaviors": {},
					"world": {
						"x": 432,
						"y": 447.5797235011691,
						"width": 880,
						"height": 143.29734136371053,
						"originX": 0.5,
						"originY": 0.5,
						"color": [
							1,
							1,
							1,
							1
						],
						"angle": 0,
						"zElevation": 3
					}
				},
				{
					"type": "Bird1_Back_Ground",
					"properties": {
						"initially-visible": true,
						"initial-animation": "Animation 1",
						"initial-frame": 0,
						"enable-collisions": true,
						"live-preview": false
					},
					"uid": 3,
					"instanceVariables": {},
					"behaviors": {},
					"world": {
						"x": 1287,
						"y": 447.5797235011691,
						"width": 880,
						"height": 143.29734136371053,
						"originX": 0.5,
						"originY": 0.5,
						"color": [
							1,
							1,
							1,
							1
						],
						"angle": 0,
						"zElevation": 3
					}
				},
				{
					"type": "Player",
					"properties": {
						"initially-visible": true,
						"initial-animation": "Animation 1",
						"initial-frame": 0,
						"enable-collisions": true,
						"live-preview": false
					},
					"uid": 7,
					"instanceVariables": {
						"XForce": 0,
						"YForce": 0,
						"WalkAlt": false,
						"MovementSpeed": 2,
						"HasJumped": false,
						"isFalling": false,
						"jumpHeight": 150,
						"jumpStart": 0
					},
					"behaviors": {},
					"world": {
						"x": 90,
						"y": 430,
						"width": 50.52095848457893,
						"height": 50.52095848457893,
						"originX": 0.5,
						"originY": 0.5,
						"color": [
							1,
							1,
							1,
							1
						],
						"angle": 0,
						"zElevation": 5
					}
				},
				{
					"type": "Bird1_Bar_Back",
					"properties": {
						"initially-visible": true,
						"initial-animation": "Animation 1",
						"initial-frame": 0,
						"enable-collisions": true,
						"live-preview": false
					},
					"uid": 6,
					"instanceVariables": {},
					"behaviors": {},
					"world": {
						"x": 361.62664965874626,
						"y": 116.48544700814357,
						"width": 96.85067735121599,
						"height": 18.80000000000001,
						"originX": 0.5,
						"originY": 0.5,
						"color": [
							1,
							1,
							1,
							1
						],
						"angle": 0,
						"zElevation": 15
					}
				},
				{
					"type": "Bird1_Bar_Back",
					"properties": {
						"initially-visible": true,
						"initial-animation": "Animation 1",
						"initial-frame": 0,
						"enable-collisions": true,
						"live-preview": false
					},
					"uid": 20,
					"instanceVariables": {},
					"behaviors": {},
					"world": {
						"x": 457.62664965874626,
						"y": 116.48544700814357,
						"width": 96.85067735121599,
						"height": 18.80000000000001,
						"originX": 0.5,
						"originY": 0.5,
						"color": [
							1,
							1,
							1,
							1
						],
						"angle": 3.141592653589793,
						"zElevation": 15
					}
				},
				{
					"type": "Bird1_Back_Start",
					"properties": {
						"initially-visible": true,
						"initial-animation": "Animation 1",
						"initial-frame": 0,
						"enable-collisions": true,
						"live-preview": false
					},
					"uid": 19,
					"instanceVariables": {},
					"behaviors": {},
					"world": {
						"x": 331.62664965874626,
						"y": 119.48544700814357,
						"width": 78.53047297635203,
						"height": 78.53047297635203,
						"originX": 0.5,
						"originY": 0.5,
						"color": [
							1,
							1,
							1,
							1
						],
						"angle": 0,
						"zElevation": 16
					}
				},
				{
					"type": "Bird1_Bar_End",
					"properties": {
						"initially-visible": true,
						"initial-animation": "Animation 1",
						"initial-frame": 0,
						"enable-collisions": true,
						"live-preview": false
					},
					"uid": 18,
					"instanceVariables": {},
					"behaviors": {},
					"world": {
						"x": 497.62664965874626,
						"y": 114.48544700814357,
						"width": 33.8395884610835,
						"height": 33.8395884610835,
						"originX": 0.5,
						"originY": 0.5,
						"color": [
							1,
							1,
							1,
							1
						],
						"angle": 0,
						"zElevation": 16
					}
				},
				{
					"type": "Bird1_Bar_Counter",
					"properties": {
						"initially-visible": true,
						"initial-animation": "Animation 1",
						"initial-frame": 0,
						"enable-collisions": true,
						"live-preview": false
					},
					"uid": 17,
					"instanceVariables": {},
					"behaviors": {},
					"world": {
						"x": 360,
						"y": 109.331575861823,
						"width": 41.096457762341245,
						"height": 43.05343194150034,
						"originX": 0.5,
						"originY": 0.5,
						"color": [
							1,
							1,
							1,
							1
						],
						"angle": 0,
						"zElevation": 16
					}
				}
			],
			"sid": 828025525474969,
			"effectTypes": [],
			"isInitiallyVisible": true,
			"isInitiallyInteractive": true,
			"color": [
				1,
				1,
				1,
				1
			],
			"backgroundColor": [
				1,
				1,
				1,
				1
			],
			"isTransparent": false,
			"parallaxX": 1,
			"parallaxY": 1,
			"scaleRate": 1,
			"forceOwnTexture": false,
			"renderingMode": "3d",
			"drawOrder": "z-order",
			"useRenderCells": false,
			"blendMode": "normal",
			"zElevation": 0,
			"global": false
		},
		{
			"name": "Layer 1",
			"overriden": 0,
			"subLayers": [],
			"instances": [
				{
					"type": "Bird1_SnailSnail",
					"properties": {
						"initially-visible": true,
						"initial-animation": "Animation 1",
						"initial-frame": 0,
						"enable-collisions": true,
						"live-preview": false
					},
					"uid": 23,
					"instanceVariables": {
						"Frame": 0,
						"AnimLock": false
					},
					"behaviors": {},
					"world": {
						"x": 942,
						"y": 555,
						"width": 70.76194870771269,
						"height": 38.509397349355254,
						"originX": 0.5,
						"originY": 0.5,
						"color": [
							1,
							1,
							1,
							1
						],
						"angle": 0,
						"zElevation": 6
					}
				}
			],
			"sid": 800460226359131,
			"effectTypes": [],
			"isInitiallyVisible": true,
			"isInitiallyInteractive": true,
			"color": [
				1,
				1,
				1,
				1
			],
			"backgroundColor": [
				1,
				1,
				1,
				1
			],
			"isTransparent": true,
			"parallaxX": 1,
			"parallaxY": 1,
			"scaleRate": 1,
			"forceOwnTexture": false,
			"renderingMode": "3d",
			"drawOrder": "z-order",
			"useRenderCells": false,
			"blendMode": "normal",
			"zElevation": 10,
			"global": false
		},
		{
			"name": "Layer 2",
			"overriden": 0,
			"subLayers": [],
			"instances": [
				{
					"type": "Snail1_Blackscreen",
					"properties": {
						"initially-visible": true,
						"initial-animation": "Animation 1",
						"initial-frame": 0,
						"enable-collisions": true,
						"live-preview": false
					},
					"uid": 21,
					"instanceVariables": {},
					"behaviors": {},
					"world": {
						"x": 420,
						"y": 240,
						"width": 890,
						"height": 500,
						"originX": 0.5,
						"originY": 0.5,
						"color": [
							1,
							1,
							1,
							1
						],
						"angle": 0,
						"zElevation": 0
					}
				}
			],
			"sid": 552332422609516,
			"effectTypes": [],
			"isInitiallyVisible": true,
			"isInitiallyInteractive": true,
			"color": [
				1,
				1,
				1,
				1
			],
			"backgroundColor": [
				1,
				1,
				1,
				1
			],
			"isTransparent": true,
			"parallaxX": 1,
			"parallaxY": 1,
			"scaleRate": 1,
			"forceOwnTexture": false,
			"renderingMode": "3d",
			"drawOrder": "z-order",
			"useRenderCells": false,
			"blendMode": "normal",
			"zElevation": 0,
			"global": false
		}
	],
	"sid": 297368715866806,
	"nonworld-instances": [
		{
			"type": "Array",
			"properties": {
				"width": 0,
				"height": 1,
				"depth": 1
			},
			"uid": 24,
			"instanceVariables": {}
		}
	],
	"effectTypes": [],
	"width": 1708,
	"height": 960,
	"unboundedScrolling": false,
	"vpX": 0.5,
	"vpY": 0.5,
	"projection": "perspective",
	"eventSheet": "3Bird_eventsheet"
}