{
	"name": "menu_Main",
	"layers": [
		{
			"name": "Background",
			"overriden": 0,
			"subLayers": [],
			"instances": [
				{
					"type": "Main_Sky",
					"properties": {
						"initially-visible": true,
						"initial-animation": "Animation 1",
						"initial-frame": 0,
						"enable-collisions": true,
						"live-preview": false
					},
					"uid": 41,
					"instanceVariables": {},
					"behaviors": {},
					"world": {
						"x": 977,
						"y": 256,
						"width": 2117.133562154263,
						"height": 665.7652711176928,
						"originX": 0.5,
						"originY": 0.44298245614035087,
						"color": [
							1,
							1,
							1,
							1
						],
						"angle": 0,
						"zElevation": 0
					}
				},
				{
					"type": "Main_Sky",
					"properties": {
						"initially-visible": true,
						"initial-animation": "Animation 1",
						"initial-frame": 0,
						"enable-collisions": true,
						"live-preview": false
					},
					"uid": 42,
					"instanceVariables": {},
					"behaviors": {},
					"world": {
						"x": 3047,
						"y": 256,
						"width": 2117.133562154263,
						"height": 665.7652711176928,
						"originX": 0.5,
						"originY": 0.44298245614035087,
						"color": [
							1,
							1,
							1,
							1
						],
						"angle": 0,
						"zElevation": 0
					}
				},
				{
					"type": "Main_Forest",
					"properties": {
						"initially-visible": true,
						"initial-animation": "Animation 1",
						"initial-frame": 0,
						"enable-collisions": true,
						"live-preview": false
					},
					"uid": 39,
					"instanceVariables": {},
					"behaviors": {},
					"world": {
						"x": 989,
						"y": 743,
						"width": 2470.1928326566886,
						"height": 776.7901989486442,
						"originX": 0.5,
						"originY": 0.44298245614035087,
						"color": [
							1,
							1,
							1,
							1
						],
						"angle": 0,
						"zElevation": 1
					}
				},
				{
					"type": "Main_Forest",
					"properties": {
						"initially-visible": true,
						"initial-animation": "Animation 1",
						"initial-frame": 0,
						"enable-collisions": true,
						"live-preview": false
					},
					"uid": 40,
					"instanceVariables": {},
					"behaviors": {},
					"world": {
						"x": 3440,
						"y": 743,
						"width": 2470.1928326566886,
						"height": 776.7901989486442,
						"originX": 0.5,
						"originY": 0.44298245614035087,
						"color": [
							1,
							1,
							1,
							1
						],
						"angle": 0,
						"zElevation": 1
					}
				},
				{
					"type": "Main_Ground",
					"properties": {
						"initially-visible": true,
						"initial-animation": "Animation 1",
						"initial-frame": 0,
						"enable-collisions": true,
						"live-preview": false
					},
					"uid": 22,
					"instanceVariables": {},
					"behaviors": {},
					"world": {
						"x": 956,
						"y": 1025,
						"width": 2050,
						"height": 140,
						"originX": 0.5,
						"originY": 0.44298245614035087,
						"color": [
							1,
							1,
							1,
							1
						],
						"angle": 0,
						"zElevation": 2
					}
				},
				{
					"type": "Main_Ground",
					"properties": {
						"initially-visible": true,
						"initial-animation": "Animation 1",
						"initial-frame": 0,
						"enable-collisions": true,
						"live-preview": false
					},
					"uid": 36,
					"instanceVariables": {},
					"behaviors": {},
					"world": {
						"x": 2998,
						"y": 1025,
						"width": 2050,
						"height": 140,
						"originX": 0.5,
						"originY": 0.44298245614035087,
						"color": [
							1,
							1,
							1,
							1
						],
						"angle": 0,
						"zElevation": 2
					}
				}
			],
			"sid": 245806081656881,
			"effectTypes": [],
			"isInitiallyVisible": true,
			"isInitiallyInteractive": true,
			"color": [
				1,
				1,
				1,
				1
			],
			"backgroundColor": [
				1,
				1,
				1,
				1
			],
			"isTransparent": false,
			"parallaxX": 1,
			"parallaxY": 1,
			"scaleRate": 1,
			"forceOwnTexture": false,
			"renderingMode": "3d",
			"drawOrder": "z-order",
			"useRenderCells": false,
			"blendMode": "normal",
			"zElevation": 0,
			"global": false
		},
		{
			"name": "ButtonsText",
			"overriden": 0,
			"subLayers": [],
			"instances": [],
			"sid": 372352072690101,
			"effectTypes": [],
			"isInitiallyVisible": true,
			"isInitiallyInteractive": true,
			"color": [
				1,
				1,
				1,
				1
			],
			"backgroundColor": [
				1,
				1,
				1,
				1
			],
			"isTransparent": true,
			"parallaxX": 1,
			"parallaxY": 1,
			"scaleRate": 1,
			"forceOwnTexture": false,
			"renderingMode": "3d",
			"drawOrder": "z-order",
			"useRenderCells": false,
			"blendMode": "normal",
			"zElevation": 0,
			"global": false
		},
		{
			"name": "Blackscreen",
			"overriden": 0,
			"subLayers": [],
			"instances": [
				{
					"type": "Main_Sky",
					"properties": {
						"initially-visible": true,
						"initial-animation": "Animation 1",
						"initial-frame": 0,
						"enable-collisions": true,
						"live-preview": false
					},
					"uid": 43,
					"instanceVariables": {},
					"behaviors": {},
					"world": {
						"x": -1126,
						"y": 256,
						"width": 2117.133562154263,
						"height": 665.7652711176928,
						"originX": 0.5,
						"originY": 0.44298245614035087,
						"color": [
							1,
							1,
							1,
							1
						],
						"angle": 0,
						"zElevation": 0
					}
				},
				{
					"type": "Main_Sky",
					"properties": {
						"initially-visible": true,
						"initial-animation": "Animation 1",
						"initial-frame": 0,
						"enable-collisions": true,
						"live-preview": false
					},
					"uid": 44,
					"instanceVariables": {},
					"behaviors": {},
					"world": {
						"x": 5144,
						"y": 256,
						"width": 2117.133562154263,
						"height": 665.7652711176928,
						"originX": 0.5,
						"originY": 0.44298245614035087,
						"color": [
							1,
							1,
							1,
							1
						],
						"angle": 0,
						"zElevation": 0
					}
				}
			],
			"sid": 930952409117584,
			"effectTypes": [],
			"isInitiallyVisible": true,
			"isInitiallyInteractive": true,
			"color": [
				1,
				1,
				1,
				1
			],
			"backgroundColor": [
				1,
				1,
				1,
				1
			],
			"isTransparent": true,
			"parallaxX": 1,
			"parallaxY": 1,
			"scaleRate": 1,
			"forceOwnTexture": false,
			"renderingMode": "3d",
			"drawOrder": "z-order",
			"useRenderCells": false,
			"blendMode": "normal",
			"zElevation": 0,
			"global": false
		}
	],
	"sid": 348609963766950,
	"nonworld-instances": [],
	"effectTypes": [],
	"width": 3840,
	"height": 2160,
	"unboundedScrolling": false,
	"vpX": 0.5,
	"vpY": 0.5,
	"projection": "perspective",
	"eventSheet": "menu_main_eventsheet"
}